,roberta_neg,roberta_neu,roberta_pos,rev
16,0.001942133,0.010038502,0.9880193,Nafis is so cute   Tutor is also very good I feel that this course is not as difficult as imagined but because everyone is very good it is quite a roll
28,0.0019029593,0.015372941,0.98272413,The teacher is from Tsinghua University and he teaches very well If you study hard you should have no problem getting Arange The teacher is also super nice
6,0.0019029593,0.015372941,0.98272413,The teacher is from Tsinghua University and he teaches very well If you study hard you should have no problem getting Arange The teacher is also super nice
21,0.0020293822,0.015792618,0.982178,Good turtle class wang xin is very good
1,0.002256096,0.022035237,0.9757086,There are a lot of dry goods in 20192020 prof is super nice   recommend
30,0.0028807272,0.022149445,0.9749698,prof is very nice
8,0.0028807272,0.022149445,0.9749698,prof is very nice
7,0.0025071874,0.02279214,0.9747006,Very cute professor very detailed the group project is very generous for everyone it mainly depends on the mid term and final the score is fair
9,0.0035083333,0.027553735,0.96893793,The professor is very good the wl is not big but a bit curly
29,0.0039402074,0.02796562,0.9680942,Prof is a very nice person the score is not bad and he speaks clearly
2,0.003961636,0.06658803,0.92945033,Nafis yyds the wl quiz is simple and the grade is excellent and the A range also has 30 in previous years
13,0.020246176,0.08592024,0.8938335,Teacher Charles is very good at teaching Although it is the first year to teach this class he is very clear He is very patient when looking for him in private I highly recommend it Give the turtle fair midterm99 ended with an A maybe the final test was not good
23,0.011633173,0.11018306,0.8781838,Prof speaks very comprehensively and the score is not bad
5,0.0065598115,0.11723284,0.8762074,The content is simple good for grade
20,0.010184801,0.14595933,0.84385586,good grade
15,0.014849298,0.219922,0.7652287,Good turtle
19,0.024206324,0.28483495,0.69095874,normal normal prof is funny
24,0.034352668,0.36048806,0.6051593,volume but very useful
0,0.082081854,0.379782,0.5381362,It is much more difficult than 1101 and requires solid basic skills The difficulty of midterm is moderate and final is more difficult Nafis lectures are more lively and interesting and I give fair preference
11,0.17367406,0.3131738,0.51315206,The teachers teach mediocre people are very nice
17,0.040652696,0.510917,0.4484303,The nafis exam is easy but gp points metaphysics
3,0.04376921,0.5922104,0.3640204,Lots of things to memorize
10,0.21316451,0.4784346,0.30840093,It is useful but the class is a bit difficult so the score is average The multiple choice questions in the final are difficult and the major questions are similar to PP If you study hard you should be fine
18,0.0519191,0.6603846,0.28769627,rich in content
14,0.16167271,0.55213994,0.2861873,Final has a high degree of coincidence with the previous one it is easier to get a good one 🐢 but I feel that A is difficult
25,0.1394425,0.61032975,0.25022766,Okay
27,0.18981539,0.58670706,0.22347756,I feel that the first half is very simple and the difficulty in the latter part increases and the speech is very fast The knowledge points are very fragmented and it takes time to memorize
4,0.04288619,0.7787104,0.1784034,A range has 30 people no pain no gain
26,0.14890261,0.69946104,0.15163639,Charles yyds
22,0.36704066,0.5358138,0.09714556,The content is not difficult but the knowledge points are very fragmented It took a lot of time to memorize before the end of the term
12,0.97337824,0.024449889,0.0021718373,I and my friends are inexplicably rotten I feel that I am not as good as my senior sister
