,roberta_neg,roberta_neu,roberta_pos,rev
4,0.0017499812,0.014329838,0.98392016,I like this course I learned a lot The turtle is also good It is fair and the final B
1,0.008650226,0.07462588,0.91672385,I like it very much except that the exam has to memorize a lot of content wl is okay After all it is a liberal arts
0,0.02046972,0.19010954,0.7894208,good turtle
2,0.045093417,0.20836557,0.746541,Dr Koon has a strong output and there are new neirongs every year The score is slightly worse than 1001 but it is definitely a good class
3,0.017180555,0.44764823,0.5351713,favorite class
