,roberta_neg,roberta_neu,roberta_pos,rev
3,0.092265256,0.51152545,0.39620933,Easy
1,0.21997344,0.41037294,0.36965358,One of the compulsory courses for Buddhist minors turtles are better and the workload is not too big The teacher speaks with an accent and I cant get used to it at first and its even more difficult when the other students in the classroom are very noisy It is recommended that students who want to learn this subject go to the front row if it is not an online class Just get used to it The teacher is nice but the content of the class is wide and wide and it has nothing to do with the assessment so it is confusing It is recommended to minor in Buddhism or to retake if you need to brush turtles
2,0.046286095,0.8751562,0.078557596,For brush points chill class
0,0.7984891,0.18201248,0.019498445,After the class you will find that basically all the students from the liberal arts college in the junior and senior years come to score A veritable turtle class A total of two assignments portfolio 45 final paper 45 lecture attendance 10 There are no tutorials It is not recommended to go to the lecture except for signing because it is really too noisy like a vegetable market
