,roberta_neg,roberta_neu,roberta_pos,rev
19,0.0022221967,0.024011653,0.97376615,The course is very interesting you have to write a 3000word paper and the three collaborate to complete a 40minute presentation
12,0.0036944193,0.04540635,0.95089924,wl is small but relatively concentrated prof has a good level of lectures personally like the teaching content of this course give it a good score
14,0.004022749,0.046586126,0.94939107,The workload of this course is not big just a group presentation and a 4000word final essay but turtles seem to be commonthe content is also very interesting
2,0.00715987,0.050035458,0.94280463,The tutorial is very interesting but the lecture is basically ignored I feel that as long as the group is well organized there will be a very good experience I don’t know if it is an online class or a traditional one but the team is a tutor group I observed it and it is probably based on the region hahahaha
7,0.011260668,0.05979356,0.9289458,The grade is very good A even the freeride groupmates got A the workload is very small there is only one prez and one paper the lecture is boring and you can skip it but the tutor is a treasure Before making a prez and writing a paper I will communicate with you carefully and patiently and I will also recommend a lot of helpful readings Recommended
5,0.03087989,0.14734775,0.8217724,wl is very small only a prez and an essay lec is very watery and the tutor is very nice I didn’t go to the lec didn’t talk about the tutorial spent two nights on the essay and got a B
18,0.03427794,0.15649663,0.80922544,The legendary good tortoise class lecture does not count attendance wl is small only one gp and 3000word essay overall good although I am a bad tortoise due to personal reasons but I should be able to get a good tortoise by writing an essay seriously
10,0.020812029,0.17124104,0.807947,Good turtle class a 40 pre3 a team of 3 people a 60 final essay of 3000 words the lecture is honestly okay if you don’t go but don’t spend two days writing the essay at the end like me so just take it A the group has A
16,0.057428427,0.27954668,0.6630249,good
17,0.0155258095,0.3853964,0.5990779,Usually the wl is small and the lecture and tutorial are relatively easy A 15minute group prez and a 3000word essay are required
15,0.09376474,0.33301014,0.5732251,wl is indeed relatively small but I am a little interested If lec is not interested in Chinese mythology he may fall asleep In total there is only one cooperative presentation and a final 30004000 word essay Lec will analyze some mythology in class I am too busy in the second half of the semester I went to listen to the group presentation and met a great leader I enjoyed the cooperation I am not very good at writing articles In the last few days I spent a week on the sixth floor of the main picture I searched for information every day
6,0.1453928,0.29201308,0.5625941,The score is good the workload is very small  Make a big paper at the end of the presentation period You can ask more questions when you go to the tutorial The tutor is very nice but the lecture content is drowsy and the person who writes the paper is afraid to enter the last 3000 words The essay is really a bit fatal
21,0.2674248,0.39925596,0.33331922,I didnt put much effort into it and its acceptable to get a B The wl is not big and there is almost no wl at ordinary times You can basically ignore the lectures The gp does a good job and communicates with the tutor The tutor will give a lot of ideas and is very responsible Tutorial to seriously participate in it The important thing is the 3000word term paper which took me only two days to finish Considering that I am very very bad at writing essays getting a B is a good thing for me If I were to write essays instead Normal students should be A range
9,0.2674248,0.39925596,0.33331922,I didnt put much effort into it and its acceptable to get a B The wl is not big and there is almost no wl at ordinary times You can basically ignore the lectures The gp does a good job and communicates with the tutor The tutor will give a lot of ideas and is very responsible Tutorial to seriously participate in it The important thing is the 3000word term paper which took me only two days to finish Considering that I am very very bad at writing essays getting a B is a good thing for me If I were to write essays instead Normal students should be A range
1,0.31055194,0.40290695,0.2865411,Here comes the sad person what should I say I expected a lot from this course and I studied it fairly seriously but in the end I only got a B which is my worst cc In fact I don’t know what I didn’t do well enough  the last 60 of the 3000word essay was sent to the tutor for revision and the tutor said that I wrote well Maybe I am too good orz But aside from the turtle the course is generally interesting wl is small one semester A group project and an essay the tutor is also very knowledgeable those who are interested in mythology can rush to qaq
11,0.32298943,0.4658281,0.21118248,wl is really big and small I finish the presentation at the beginning and then I have nothing to do It doesnt take up review time at all I write an essay at the end and Im done You dont need to go to the lecture and in the end there are only 10 students who cant attend the lecture Strong push  
4,0.07433434,0.7317722,0.19389354,Usually there is no pressure the final presentation and essay are a little tighter
20,0.35189995,0.5133291,0.13477096,The teachers views are quite peculiar and most of them are different from the mainstream academia After all his own field is not mythology If the lecture has no foundation in mythology it can be counted The level of tuto depends entirely on the level of the students The workload is okay and there is one reading per week The standard of selection is quite high and it is really difficult to understand it thoroughly The topic of the final paper is optional and free to play A
24,0.19403096,0.7028687,0.10310029,low workload
8,0.19403096,0.7028687,0.10310029,low workload
3,0.8174133,0.15952262,0.023064164,B is hard Because it is the last prez wl is very concentrated Although the essay has a lot of words it can pass crazy intext The score given by the essay is extremely high but there is no range for some reason and I am very heartbroken
23,0.8174133,0.15952262,0.023064164,B is hard Because it is the last prez wl is very concentrated Although the essay has a lot of words it can pass crazy intext The score given by the essay is extremely high but there is no range for some reason and I am very heartbroken
22,0.7064027,0.27385828,0.019739011,I see   Probably because the teacher changed later in this class so the tortoise is not so good I read in the comment area that the teacher’s last name was Yue and now his surname is kwong tutor I don’t know who it was before Our class is Kevin Sze Maybe it has something to do with the tortoise I feel like it’s early A Afterwards I feel that there are many Bs but it seems that there will be no such class in the 20222023 semester emm I don’t know what happened to the turtle behind
13,0.9224674,0.07232559,0.0052070296,I personally think it is not a good grade the paper score is 80 and the total score is B The workload is not too small Both project and paper need to check a lot of information but wl are piled up together
0,0.96793616,0.028407736,0.003656199,Honestly speaking the work load of the course wasnt quite heavy However the grade of the course isnt that satisfying coz Ive been working on the final essay for more than one week and wrote more than 4000 words however I only got a quite low mark in the end Thats so disappointing
