,roberta_neg,roberta_neu,roberta_pos,rev
4,0.0017680052,0.0119325165,0.98629946,Quite an interesting class wl mainly reads the reading and final project The professor and the tutor are very good The tutorial is a bit positive
7,0.0016417697,0.026841948,0.9715163,The group project randomly assigns topics and group friends which is pretty lucky
6,0.0032761383,0.032839306,0.96388453,The people in Koon are nice and the field trip is really fun Students of Jianyuan can go to the construction company to see their future self It is recommended that all freshmen of Jianyuan take this course All professional courses are dry The overall focus is on architectural theory and students with a social science background also highly recommend this course The construction of a PS hospital may reduce the score
16,0.0048541003,0.03672858,0.9584173,Although I didnt understand it but the group work is very comfortable and the score is also very good
10,0.004924559,0.10590726,0.88916814,It is a cc course with a good grade and the workload is not too big
14,0.019758824,0.09389044,0.88635075,It’s quite an interesting course although sometimes it feels that the teaching is not very systematic but there will be some interesting points Each class will talk about a building type and related globalization It’s a bit SocSc which means that there are three field trips in one semester and one Midterm essay  It should have been written in class The individual project wl extended from gp at the end of the term is considered a small grade A but the tutorial is a bit boring but only four or five times is okay
2,0.017298691,0.111270756,0.8714305,Generally speaking the workload is very small The teachers Singaporean accent was a bit hard to hear at first but it will be fine after getting used to it It is very important to form a GP team It is recommended to find reliable classmates in advance to form a team Midterm chooses two out of five to write essays and there is no final exam Tutor people are very nice
3,0.010184801,0.14595933,0.84385586,good grade
0,0.013437089,0.2572534,0.72930956,From the Academy of Sciences no archi basis Personally I find it quite interesting It talks about how to see the trend of globalization from the design of architectural features In addition to the knowledge of architecture itself it also involves some social science history and econ The workload is not too much there will be 3 field trips to art galleries docks shopping malls and other places and you must write a short response every time you go There will be a small quiz after each class and I will write a short response now There is a midterm to write a paper because the online class has become a whole day of writing and it was originally written to allow a cheat sheet There are two projects one individual can freely research a building one team prof will give you the topic reading is a small book with a thickness of more than 1 centimeter Although it was only B in the end maybe the group project didnt reach the thigh I didnt feel like I learned anything but it is still recommended after all other comments are a range hhh
15,0.120833114,0.2253514,0.6538155,The course is very exciting and the professor is also very kind but there are many reading materials it is bound into a book and will be discussed during the tutorial and the English is not very good so it is a bit difficult to read
12,0.19489509,0.3479573,0.4571476,There are so many praises for this course but I don’t think so A class about architecture is always talking about culture society art and other phenomena related to architecture Anyway I was a little bit deceived when I heard it I feel that this course should be assigned to CCHU I originally came here with an interest in architecture but the result was disappointing The score was average b Regular course  presen  a few quiz plus a 45min short essay test testing comprehension and hand speed The field trip was very interesting There were three times once to a village in Hong Kong once to Shenzhen Dafen Art Center and another time I forgot 
11,0.19930978,0.37017012,0.43052012,Both Koon and tutor Athena are very nice and helpful However I still can’t get used to Koon’s accent until the end of the semester It’s too much torment for Y1 who is not good at English Choose carefully it will be very painful Pre is very important at the end of the term Try to choose offline for field trips Virtual ones are not only not as interesting as offline but also have a higher wl and different tutors also have differences in normal wl Give the turtle a fair thanks to Jianyuan local Miss sister take me to fly  Good teammate is very important
9,0.026765624,0.70518446,0.26804987,The course does not involve a technical discussion of the architecture itself but more like a reflection on the relationship between people and space from a sociological perspective fun Hello turtle A range
1,0.37859094,0.39561868,0.22579041,The workload is not big the field trip is a bit interesting it is too professional and it is not very friendly to students who do not understand architecture
13,0.2960066,0.530743,0.1732504,It’s strange to say that all the people who have taken classes around me are A range workload In all fairness it’s too small to be able to attend class and just listen to it You don’t spend much time The group project pays attention to the presentation When you pay attention to the present it can be remembered by the professor as an example Basically the A range is stable up
5,0.59472036,0.27205107,0.13322857,The lecture is boring the project is quite interesting and the essay test is very poor
18,0.36925158,0.56418127,0.06656717,Metaphysics class but the basic A range is given the workload is not small and you may often not understand
17,0.8522593,0.12648265,0.02125807,Quite a boring class wl is not big like a turtle I didn’t study hard In the end I only got B
8,0.81813043,0.16735157,0.0145180775,Not as good as I imagined I feel that I am serious but still in the b range
