,roberta_neg,roberta_neu,roberta_pos,rev
5,0.0012713439,0.020805879,0.9779228,A course that is also friendly to science students ʕ •ᴥ•ʔ The content of the course is very interesting wl two essays➕one GP which is rare 🐢CC
16,0.007375684,0.064310856,0.92831343,The score is good the first two essays seem to be A and B the present is B the tutorial is A the final score is A maybe the participation is better
3,0.007375684,0.064310856,0.92831343,The score is good the first two essays seem to be A and B the present is B the tutorial is A the final score is A maybe the participation is better
6,0.005909408,0.07241873,0.9216718,The course content is substantial useful and interesting But the tutor gives points
7,0.010654801,0.10201388,0.88733125,The content of the class is not bad and it is quite rich There is a fair class 2 memos and a group presentation and report Tuto usually has some workload and participation needs to be scored It is not bad if you are a little more serious about the grade It is recommended
9,0.010843976,0.13703848,0.85211754,The content is roughly about globalization and reading is not very difficult My tutor is Sophia who is very patient and nice in class but the other tutor gives very tight marks
10,0.026852418,0.17179273,0.8013548,Very inspiring the workload is not big
0,0.02145962,0.2901994,0.688341,cc full of dry goods there will be more readings so you have to read carefully because there will be questions in class the interaction between class and tuto is very important leave a good impression on the tutor and pray for him to give essays a good look two or two pages in one semester memo
4,0.03750434,0.2856789,0.67681676,The content is good but the tutors score is more strict
13,0.10152089,0.2844958,0.6139833,The score is average The content of the class is quite interesting The workload is relatively large Compared with the tutor it is not easy to communicate with Chur
12,0.022645177,0.39210865,0.5852462,wl is a bit high but grade is okay
14,0.03176503,0.42666546,0.5415695,good grade low wl
1,0.16241851,0.56578094,0.27180052,Careful selection due to social fears the course content is not difficult there are quite a lot of required reading I personally think it is like a turtle
8,0.099229746,0.66466904,0.23610117,Well enough
11,0.6246656,0.32580593,0.04952842,The content is relatively simple the workload is average the key point is to write two memos but it is not very friendly to the turtle
2,0.7439707,0.21479554,0.041233722,The lecturer is a lady the class is quite boring it doesn’t matter if you don’t listen😂 The main wl is the short prez of the two groups on tuto and there is a relatively large group prez at the end of the semester and two short prez about reading are also handed in essay To the turtle fair my essay is not very good maybe the gp is not bad pull it back a bit
15,0.9482817,0.046718154,0.0050001154,It sucks after changing teachers
