,roberta_neg,roberta_neu,roberta_pos,rev
10,0.0023337186,0.016365297,0.98130095,The professor is very nice the tutor is very chur
15,0.0016160819,0.017816447,0.9805675,niceeee IR basic course is friendly to humanities and social science students Being friendly is the basis for learning other courses If the students of the law school are interested in international law go ahead wl is mostly reading a little bit big but it is not a big deal with the blessing of deepl translation Its an interesting and good 🐢 fairy class I got mid term A final A and finally overall A
11,0.0023894394,0.01798163,0.979629,The professors lectures are very interesting
7,0.004250352,0.025139157,0.9706105,DrChow is very attractive wl is not too big he can learn a lot of basic theories of IR even though the score is average he still loves it
16,0.0030095996,0.027267065,0.9697233,The lecturer is really talented and the lectures are very attractive Students who like cold humor and black humor must come and see it It’s a bit too much at the beginning of reading but it’s okay later but the requirements for essays are not low and the students around are of high level Soci family can try
8,0.004458154,0.052658834,0.9428831,Ok course if you have a very good knowledge of international history international relations and politics The course mainly relies on three major theories constructivism realism liberalism and all topics are analyzed through these three theories Take this course only if you are good at writing essays andor like writing essays The assignment essay and the final exam essay are not very long 1500  2000 words so if you are used to that it shouldnt be an issue for you The lecturer is very nice and open and you can ask him about any topic The TA was also very friendly and was good at conveying knowledge
9,0.014701409,0.08578775,0.89951086,The course is still very interesting mainly because the prof is very charming speaks very vividly speaks English well and has no accent wl is small one essay  the usual tutorial at the end of the midterm and the end of the term are gone But I personally think that the score is not very good I got more than 80 points in the midterm essay B and after thinking about it I decided to pf Generally speaking the course experience is quite good and I can learn some things It is suitable as an introduction to IR If you don’t particularly mind turtles or you are more powerful you can consider it
12,0.022006664,0.110083915,0.8679094,The workload is very small one essay in the middle of the term and one essay in the end of the term Both the lecturer and the tutor are great their English is good and interesting Actually its not what I like its about international relations but Dr Chow managed to get me to listen to it Score A in the end  because I write essays very seriously
14,0.019516388,0.14282985,0.83765376,Liberal arts students are friendly and have a lot to do with international politics I am an LLB student mid term A gp A final A why not A tutor Han Xiao is a past doctoral student in mainland China He is the nicest tutor I have ever seen After class I will be alone with him I asked him to comment on the Office hour final essay written one month after writing Mandarin but he wont teach it anymore
2,0.04689486,0.19911398,0.7539911,Theme Talking about international politics such as foreign policy of a certain country relations between different countries etc it is recommended that students who are interested in this aspect can try it The content is rather boring Workload I personally feel that it is not particularly large but the proportion of essays is relatively high one essay of about 1500 words in the middle term and one essay of about 2000 words in the end of the term lecture and tutorial each have 10 participation lecture is mainly pop quiz and attendance tutorial Mainly everyone discusses around the questions raised by the tutor Since all classes are online this semester pop quiz has been cancelled so I personally feel that the 20 is better than before But the most important thing about this course is that there is no prez and gp for my autistic Star people are friendly  Prof  Tutor Dr Chows English is super good  Moreover the class style is very interesting There are often many small videos such as the cut of Cui Was talk show in the lecture to introduce topics but it will not be dry This semesters tutor is only Jessica I dont know much about her because of the online class Personally I feel that the score is quite fair and I wont be particularly chur maybe its just my onesided opinion just for your reference final score A
18,0.028743042,0.24073853,0.7305184,The overall wl is not big and there is one paper at the end of each semester The grades in the midterm were particularly good and I got the A range At the end of the semester I felt that the level of the thesis I wrote was similar to that of the midterm Somehow I finally got the B range I was a little confused
4,0.123740226,0.45158404,0.42467573,quite hard without prior knowledge workload is fine and grade is poor B maybe because i hea attend lectures and tutorials
1,0.15712747,0.5907362,0.25213626,Choose carefully if you are not interested it is really hypnotic
5,0.23471637,0.51823354,0.24705014,Let’s take a look at the great gods upstairs for someone like me who didn’t know much about the international situation before and couldn’t write essays well I really couldn’t hold it and I finally gave it to the turtle
17,0.35268077,0.4124798,0.23483944,It’s barely enough it’s a little boring but the tutor is a good person and the workload is only two essays
13,0.70100784,0.2360793,0.062912874,The professor of this course has an Asian face and the accent is very nice The course content contains a lot of political science content I can’t understand it and I need to write a lot of essays The professional requirements are quite high anyway my score is not good Not a very recommended course
6,0.86945033,0.11721463,0.013335112,Students who do not have a certain foundation in international politics and international relations before this course should definitely not take this course   Its really unfriendly Personally I think the content is difficult and the essay is very difficult to write The score is average In wl there is an essay in the midterm and the end of the term and there is also gp In short it is a very persuasive subject
0,0.81349134,0.17959529,0.0069134454,Nonpolitics students are not recommended to choose my politics essay only B tutor is Adrian
3,0.94495475,0.05293716,0.0021080908,If you see Adrian a tutor who kills thousands of knives let me run
