,roberta_neg,roberta_neu,roberta_pos,rev
5,0.0014967901,0.011075646,0.9874276,It is also very good for art beginners  the overall course is not difficult the professor is super cute
19,0.0014458884,0.011248563,0.9873055,Explosion recommended My Fine Art Enlightenment Class I like the teacher and the tutor very much The people are super nice and responsible and the lectures are super fun Students who like art history recommend a try
32,0.0014458884,0.011248563,0.9873055,Explosion recommended My Fine Art Enlightenment Class I like the teacher and the tutor very much The people are super nice and responsible and the lectures are super fun Students who like art history recommend a try
8,0.0016271329,0.012145154,0.9862277,Super interesting class I learned a lot the discussion of tuto in the class is quite interesting wl is small a few essaystuto participation finally got A
37,0.0012822384,0.017045937,0.98167187,He is the most active professor in the class I have attended so far so I have always been in a relatively relaxed state in the class lively and lively The structure of this class is still very rigorous Not only the professor will constantly emphasize what we have learned now but also How much to learn people are very confident This course is very interesting for students who are interested in artart history It can help you to simply read the history of Chinese and Western art One year later it is still memorable Recommended
33,0.0021308484,0.01686514,0.98100394,The content of the class is very interesting and the lecturer and tutor are very nice The workload is relatively easy There are two small essays of about 500 and one exam at the end of the midterm and one at the end of the semester As long as you take notes in class and memorize them well there will be no major problems The tutorial must speak actively
43,0.0019262598,0.018464485,0.9796093,The teacher is very nice
3,0.0030972373,0.02368736,0.9732154,super fun From sculpture Renaissance to Zen painting it is very inspiring It is very hard to memorize the author and year of the pieces in the exam but the final score is not bad
14,0.0022452597,0.026258644,0.97149605,I like CC very much I recommend it to students who are interested in art history wl Xiao two small essays and two small quiz tutorial attendance The professor is very humorous Tutor Ruby is very patient Usually the tutorial will encourage everyone to speak Every component can be followed patiently and can be A range the 🤗
9,0.0022452597,0.026258644,0.97149605,I like CC very much I recommend it to students who are interested in art history wl Xiao two small essays and two small quiz tutorial attendance The professor is very humorous Tutor Ruby is very patient Usually the tutorial will encourage everyone to speak Every component can be followed patiently and can be A range the 🤗
10,0.0033889024,0.027041359,0.96956974,It doesn’t belong to the very watery cc but it’s not bad if you are careful It belongs to the field that I am very interested in so I have studied hard and got good results wl has two 800word essays and three quizs and each assessment is 20 Professo is very nice
29,0.0026202018,0.029075306,0.9683045,The professor is the director of fine art super interesting The content of the course is also very interesting There is not much reading but the tutorial accounts for 40 and it is very hardcore The reading and the content taught in the class need to be strong There are also two 500word assignments and two small quizs The overall wl is not big and the grade is pretty good  Both midtermassignment1 only have B and finally have A Must choose if you like fine art
12,0.004472554,0.028560227,0.9669672,Regarding art appreciation it is suitable for friends who like to draw and look at pictures The teacher is super nice and the class is very attractive Assessment has essay exam and tutorial performance suitable for friends who dont like gp
22,0.00380472,0.030180993,0.96601427,The course is interesting the tutor is very patient and the score is not bad
31,0.0042184573,0.03631451,0.95946705,wl is small the professors lectures are very interesting and the tuto is not as suffocating as described You can get a range after you memorize the test Although I got a p at the end I heard from my classmates that the turtle is good
25,0.003257775,0.050148632,0.9465936,Art history Xiaobai the first essay B the second essay two professors gave B and A respectively test1B test2A and finally A Giving points is very friendly I have learned a lot and the friends who attended the class together are also very good They will share and review the materials together and at the end they will discuss with each other via zoom The professor is very good and I am very happy to participate in the offline tut It feels completely different from the online one The online one is too empty From Graeco Roman tradition to Japonisme learn how to describe a painting learn the idea behind the painting and learn the theme that people in different periods in all corners of the world have always wanted to carry out—resisting tradition This class needs to memorize the various elements of the art work requires active interaction with the tutor be sure to click on the idea needs to read steadily used in class and needs to be fast enough to type on the keyboard maybe during the exam Too late to type Those who study art history have a high probability of getting an A or above which is nice enough for Xiaobai As long as you are serious A range is very possible
36,0.0051872125,0.054286618,0.9405261,The proportion of the tutorial needs to be actively participated and the wl is moderately high but it is very rewarding and the score is fair after studying hard
44,0.004053886,0.06457923,0.93136686,The course is very easy and there is not much reading You can get a higher score if you memorize more materials during the exam
4,0.0075405454,0.07438245,0.918077,The tutor is quite strict the courses are very interesting the review of wl before the exam is relatively large others are okay
20,0.0046199854,0.08049855,0.9148815,The content is all art history and the course narration and arrangement are still very complete There are not many assignments no gp just two essays and two exams The exam has a very clear scope and it is definitely not a problem to do a good job in reading and class The mid term test is held in rayson huang theater the atmosphere is tense but as long as you are prepared you can definitely do well in the test Although I got an a in the mid term and a in the essay but for some reason I got a b in the final Highly recommended for students interested in art history
35,0.018061275,0.087579995,0.8943587,Sem1 has experienced the best class 🈚️group project prof and tutor are not messing around All assessments have a scope the essay has very clear requirements As long as you spend your time it shouldn’t be difficult to get an A I basically didn’t read a recorded lecture on time the lecture never spoke and the tutorial didn’t realize it was counted as participation until the last few lectures and the reading basically didn’t read it except for the last assessment Its AA and the others are BA so its really nice to have an A at the end As long as you dont hate fine arts you can come
16,0.014310038,0.099713095,0.88597685,Profs speech is a bit fast and sometimes it is difficult to grasp the key points but generally speaking it is quite interesting The wl is not big and you have to memorize a lot of exams otherwise it will be easy to rot It is very important for tuto to talk more and get to the point
47,0.024327876,0.10943775,0.8662344,Very good class the workload is not big
6,0.024327876,0.10943775,0.8662344,Very good class the workload is not big
30,0.026341975,0.1087967,0.8648613,The workload is not big but the tutorial speech is a little stressful and overall it is quite fun
42,0.012936571,0.1235579,0.8635055,The content of the course is the same as the following and those who are interested in art history should like it The reading workload is moderately high If you read carefully you also need to read the handout otherwise the tutorial will be useless For the drawing analysis of the quiz test it is recommended to take notes in the lecture and write down the relevant things in the reading in advance so that the exam review will be more convenient It feels good to score two essays this semester
45,0.022743093,0.11533014,0.8619268,The score is good Tuto participation accounts for a large proportion Those who mind and those who don’t like talking may be more painful In short the score is good The content is said to be similar to FINE1001 which is quite interesting
13,0.005264507,0.2019653,0.79277027,Prepare well for the test You have to memorize a lot of WL I think it’s okay If you’re interested you can go for the final B
17,0.041868426,0.16688295,0.7912486,The overall situation is good the workload is normal Professor Hans class is very interesting and the reading is also very easy to read It’s just that the tutorial is a bit churning If you only speak once or twice in each class and have no constructive answers 20 of the tutorials will get B
28,0.015273134,0.25598222,0.7287447,It’s not bad Just write ab like this it’s fair
11,0.022992454,0.29097608,0.6860315,Read the reading essay carefully and follow the suggestion she gaveespecially when you see that the score of essay 1 is not high it will benefit a lot for beginners in art history Hammers is kindhearted but tuto is a bit chur and finally A range of merit complete
21,0.014176915,0.36112162,0.62470144,Take notes carefully in class memorize each picture essaytutoexam will be no problem at all
18,0.07991607,0.4325851,0.4874988,wl is quite big you can only get B if you study hard you can choose a good essayist you must listen carefully to the class
27,0.1232746,0.41219527,0.46453014,The content is visual art and art history At the beginning I taught some basics of formal analysis and semiotics The art history part is from Western  Eastern Classical Art first half semester  transition towards modern and contemporary art second half semester It is great to connect the evolution of ideas and concepts in the history of art through cases It is a recorded class and the last period of each class is zoomed out to summarize points and answer questions The wl is not big you can answer the tutorial questions after listening to them in class and you can get points for speaking actively The workload is concentrated on two essays and two exams The exam has a general syllabus just follow along and review Tutor Ruby and prof are lovely and friendly However the requirements of prof are really high It is the type of TwT that is careful to use the wrong punctuation marks in the essay In the end I got an A I am really not good at writing essays If you are interested in visual art and art history If you want to push those who are not interested in this may be bored
23,0.00940986,0.5345655,0.45602462,Recite a lot of paintings there is an overview of Western history and there is also a comparison between East and West After the end you will have a better understanding of the development of art history The essence is to talk about the ideas behind each paintingschoolperiod
7,0.070555896,0.482742,0.44670206,The only difficulty is that before the two quizs write the names of the various paintings on the back and the significance of the artists of the era   It will be easier if you have good writing skills and endurance but don’t be afraid if you have a national level of English for the time being
38,0.16446044,0.45553017,0.3800094,It is not easy to get an A if you are not interested it is a good class for those who like art
26,0.13957003,0.62746197,0.23296803,run
34,0.01071286,0.75642663,0.2328605,Also students who are interested in Eastern and Western art can consider the appropriate amount of wl
48,0.25846186,0.54971963,0.19181848,You need to prepare well for the exam but I really recommend that if you are not particularly interested in art you should still run
24,0.04489392,0.7671927,0.18791337,The wl is slightly larger there are mainly two exams two papers and the usual reading the tutorial needs to grab the speech and review the reading the final score is fair
39,0.4001038,0.4766546,0.12324164,The overall score is Fair Tutorial speech accounts for 20 and it needs to be more active The secret of being active is to listen carefully in class hhh can output the concepts given in class in the tutorial and there is reading but the amount of reading is not large 1 hour per week Can barely read it The format of the midsemester and the end of the exam is the same I will give you the relevant information you need to prepare but the scope has been clearly given and I am not ready for the final final which will lead to a rollover and get a B
0,0.28462252,0.62734836,0.08802909,Just two words run away
40,0.5491425,0.36536124,0.08549628,The online class tortoise is too bad I cracked but fortunately pf maybe the f2f tortoise will be normal
2,0.612835,0.31667075,0.070494324,wl is small but if you are not interested in art the class content will become boring There is no text on the teacher’s ppt so you need to listen carefully and take notes The first paper got a B test 1 is also a B and the final pf may be because the writing ability is too poor I said that I was unclear in some places It is still difficult to analyze a painting for the English level of the national paper If you are good at writing good at memorizing and love art choose it
46,0.5341462,0.4090278,0.056826007,Rotten is just one word I only say it once don’t come here if you don’t have an artistic foundation and just rely on interest
41,0.86278844,0.12284797,0.014363668,Ah this should be my worst class orz maybe I don’t have much fine art talent
1,0.72452056,0.2617001,0.0137792835,Those who are not interested in all kinds of paintings those who can’t tell the genre and those who can’t remember the knowledge points RUN  
15,0.9365137,0.057348203,0.006138182,wl is not very big two essays and two quiz but 🐢 not very good
