,roberta_neg,roberta_neu,roberta_pos,rev
8,0.0018090031,0.027644653,0.97054636,The content of the class is very interesting and the professor is very beautiful There will be storyboards video assignments and classroom exams The tutor of the class test will reveal a little bit in advance which is usually an example in the class but the score is very metaphysical
7,0.0033982077,0.031658866,0.96494293,The class is very interesting sonys lectures are really beautiful smooth and pleasing to the eye and he told a lot of stories that he rarely had the opportunity to get in touch with if he didnt take this class unless he was born in Jianyuan The 750word essay plus the regular few times will know how to write inclass writing in advance The secret of a good tortoise is that you must choose taoyiqis tuto session  The best score in the tutor Other tutors seem to score B or even C per capita Taoyiqi guarantees you to get A hahaha
11,0.002024235,0.042223305,0.9557525,The teacher has a lot of knowledge and the courses are a bit interesting and hypnotic wl about a few times a week reading a 300word essay
0,0.011346397,0.06818411,0.9204695,The professors accent is good The actual teaching content may be a bit different from what you expected not limited to architecture but I think I have learned a lot which is an ideal general education I think the workload is relatively large and has a variety of types from essay to storyboard to video It will be better to meet a good tutor and finally A
10,0.010622718,0.10633911,0.88303816,There is no water at all You can learn a lot of things Its a good lesson
1,0.13243026,0.42374164,0.44382808,Not as good as the legend 🐢   I originally chose this course with the idea of ​​being interested in architecture and I heard that it is good🐢 but in fact it has little to do with architecture Instead it teaches you how to appreciate pictures Lecture has little effect and it may not even be heard  But you have to come when there is inclass writing The tutorial is more useful and I will often Q to express my opinions wl generally there are 4 inclass writing generally 20 minutes a photobooth of 16 photos and then use these 16 photos to make a video 3min and finally a big inclass writing 15 hours write correctly 4 photos for evaluation Finally there is an essay of 750 words In the end B archi Xuanxue hucc did not run away😩
13,0.062021796,0.5276845,0.41029373,Just take pictures and make videos and the workload is very small
5,0.041170567,0.57298434,0.38584504,most of the ppl got B a quite leng grade course but need to attend all lecture and tutorials
4,0.31249246,0.41211423,0.27539325,Teaching English is very good it is more related to architecture but writing essays is too bad for PF
15,0.37028307,0.41521224,0.21450464,wl is super small and the tutor is quite nice but the scoring standard is a bit confusing
6,0.45203665,0.38163036,0.16633292,Score B Workload About one short essay per week about 200 words one field trip it doesn’t seem to be a strict field trip I go by myself and write impressions one or two inclass writing one mediumlength essay About 750 words there is no final but final inclass writing I’m sorry I can’t remember many details clearly because it’s been a year since I wrote the review When I first entered school I didn’t make up my mind about the major I wanted to choose so I chose this course with the mentality of getting in touch with architecture according to my family’s advice  Although the final major is not related to architecture at all The lecture is good the professors accent is nice and the content of the lecture is quite interesting but maybe the atmosphere is a bit bland so I often hypnotize myself Tutorial is very important each section is basically a discussion it is a good exercise for freshmen Oral opportunities Workload now seems to be quite large as a ccand the essay has a huge proportion so hardworking writers can choose to avoid it The last turtle is not good but my writing skills are really bad so I have nothing to complain about and since the last major is related to computer engineering the art and architecture I learned will be quickly forgotten if I dont need it  Its really not a good choice for the freshmen of the collapsed hospital But in all fairness I have only been exposed to English for exams before and I have been well trained in writing and speaking in the process of taking this course which will be helpful to all aspects of college life in the future Generally speaking it is not recommended for freshmen like me After all it is not worth it but those who write essays well may wish to give it a try
12,0.4820304,0.36592117,0.15204842,The assignments are all very fun but inclass short writing is more demanding and you need to listen to the class carefully and write down the relevant concepts but the lecture is a bit boring orz if you are not good at English it may be more difficult I tried my best but the A range needs to be above 80 qwq
2,0.2769793,0.62057155,0.10244916,stuffed turtle
3,0.67425007,0.28645062,0.039299298,Rotten
14,0.76111245,0.22111267,0.017774878,Its a bit of a pit the workload is not big but I cant learn much If you touch fish b
9,0.95059055,0.046280775,0.0031286639,The workload is very large and there is a time limit for small essays every week and the assignment is also troublesome Some tutors are very demanding and the scores are not good
