,roberta_neg,roberta_neu,roberta_pos,rev
4,0.0031800147,0.02571938,0.9711006,Tutor Alex is awesome
11,0.005135527,0.07144669,0.9234178,A great course if you are interested in science fiction There wasnt really much technical discussion of science it was mainly just discussing how science is used in the stories to present themes it was more literature than scientific theory There is a group project where you have to choose either a book or a movie and do a presentation on it It is not too hard and I was lucky to not have freeriders in my group Besides there is a final exam that doesnt take a very large percentage maybe 20 Most of the grade comes from the group project and weekly tutorial participation
7,0.019822963,0.06413424,0.9160428,Although the class is boring the turtle is quite fair The workload is not big I think the topic of the thesis is quite interesting The tutor is also very cute
9,0.0077924323,0.087867804,0.9043398,very rewarding
13,0.005402624,0.098604426,0.895993,Easy 🐢 good
14,0.0073788585,0.14428018,0.848341,The workload is ok and group presentation is important to secure a good grade
16,0.009175907,0.1868393,0.80398476,wl is slightly bigger there are group pre essay final and a book to read but if you are willing to take the time to complete it carefully you will get a good score
17,0.01107214,0.20987426,0.7790536,The workload is not too big and you will be given a fair score after actively participating in class
1,0.017126335,0.20455195,0.7783217,I am friendly to everyone I meet Liberal arts students are friendly ccst blew up that A Lecturer is a handsome female teacher in Eastern Europe who teaches physics However she knows everything about biochemistry Lec introduced scifi in the first few classes I’ve read a lot of them I’m helping to choose the prez and essay In the back class I’m going to talk about some logical problems in science fiction There are also many social problems Example analysis Science fiction novels out of 25 points I only got 125 still A dont worry everyone 【Summary Don’t listen to the lecture😂 Next I will talk about tuto Tutor recommending Alex Tuto is very good Tuto “Participation points” but he will let everyone speak without rushing to answer the “Presentation” and choose a book from the teacher’s book list together with the group friends The list given by the scifi teacher will mark the length of the book and how many points can be discussed Suggestions 1 Choose a shorter book It’s good to have an indepth literary master My teammate is a strong local lady from the literary academy Help me revise the prez speech and take me to fly The “essay” is quite short it seems to be 1000 words and the same book as the prez It’s good to give points to the tutor Just deducted 4 points Everyone thinks that the essay scoring standard should be deducted by one point anyway Anyway the small grade of wl is good
8,0.05911278,0.6432231,0.29766408,The workload is large and tutor Alex will give fair points
10,0.04304336,0.6867051,0.27025157,It is best to listen carefully to the lecture and the quiz will ask questions from the contents of the book mentioned in the lecture
5,0.52748424,0.3513723,0.12114342,wl is not big it’s fun to recommend Alexander’s lectures are a bit boring
6,0.60064363,0.28494626,0.11441016,🐢It’s ok but it’s undeniably a boring class On the surface it looks like a group report an essay and an inclass test The report and thesis are all based on a book but the report and essay really take time There is a prereport QA link essay Draft grading essay peer editing grading our team reported that the whole thing was deleted and revised three times and finally met the strict requirements of tutor Alex This is not the most annoying exam It is the most annoying liberal arts person It is very difficult to understand the questions and do not know how to answer them Finally Exam 59100 the exam accounts for 15 so I can get an A I really did a good job in the essay and group report and the class is really boring I haven’t listened to a class If I’m interested in scifi just pretend I didn’t say it Choose and be done  
15,0.5986628,0.291732,0.10960514,wl is not too big but this class is inexplicably tiring because a lot of bits and pieces count as points so I have to cheer up the whole semester Studying novels is still interesting but I can’t understand the lecture
0,0.6051187,0.2984934,0.09638795,There is basically no need to attend lectures but there is a tuto that is shit If it is Tim run quickly and if it is Alex you can have a happy semester
3,0.8538279,0.12525843,0.020913742,I picked up this class because my internet speed is not good enough to pick up rubbish The scores of the two tutors are very different both the present and the essay are given by the tutor My tutor happens to be the very strict one and the class is not very interesting wl It’s not too small for me and I’m really speechless to give points My advice is don’t be unlucky to anyone else 😭😭😭
2,0.76409453,0.23118632,0.0047191386,The tutor called Tim a rotten person so he ran away when he met him
12,0.9678381,0.029350452,0.002811508,The lecture is boring and overwhelming it is more friendly to liberal arts students than to science students and in the end it rots for no reason
