,roberta_neg,roberta_neu,roberta_pos,rev
4,0.0014380598,0.016165512,0.98239636,The content of the course is very interesting and a longterm team project is required
6,0.0034012585,0.038806103,0.9577926,If you are interested in forensic science you can try it it is very interesting Scoring items mid term and gp GP wl is a bit big but with weekly follow ups its a lot easier in the end Giving points I think is fair
1,0.007374759,0.05831271,0.9343125,Good course quite interesting but generally speaking you need to be interested in the course and its theory to learn well Most of the information about the final project and midterm needs to be found by yourself
7,0.012388633,0.07225416,0.9153572,Very interesting class wl is not big biweekly report final prez midterm essay Lec is on fortnightly watch videos online once a week there is interaction with lec so you must go but its quite watery In fact there is no problem without a background in law and medicine Mainly to exercise logical thinking ability Not a lot of horrible photos hahaha got a B
17,0.014850927,0.07594472,0.9092044,The course content itself is very interesting and you can take classes with CUHK and poly u students Personally I feel that the workload of the course is quite large The most important part of this course is to learn crime scene reconstruction The professor said in the first class that the grade of this course is not a goodlooking course so it is better to take it if you are interested
2,0.013001771,0.12650065,0.8604976,The course is quite interesting but a case report needs to be submitted every one or two weeks
8,0.033554632,0.14892904,0.81751627,The content of the course is quite interesting The group work in the assessment is not small If you are assigned to a group with many freeriders the workload will be huge and it will be rotten
3,0.050363008,0.3158996,0.6337374,Summary wl is super big like a tortoise and the class is very good In detail If you are interested in criminal investigation  forensic autopsy and dont mind big wl and a very ordinary tortoise it is highly recommended The class is full of dry goods the lecturer and tutor are super masters and you can learn a lot But the tortoise is very general and because it is a large group of close to 10 people there may be various troublesome situations that cannot be avoided The wl is very large and many reports are written in more than ten or twenty pages Various forensic reports and criminal investigation reports have to be raw and there are also videos to be made the final report video requires 340 minutes The report of our group was very highly recognized and affirmed by the tutor at the final stage The case and the real case content found were almost restored but in the end it was given a B In short if you want to be relaxed and good you can’t do it It is recommended to choose
16,0.18642034,0.45683724,0.3567425,I hesitated for a long time before choosing a course because almost every comment on RIC said that the workload was high but I still chose it Thanks to the choice at that time it became my favorite class It is indeed very difficult The reflective portfolio has been criticized repeatedly and I teamed up with uncooperative classmates to check the forensic terminology and found doubts about life I am still in the med hospital If you dont really like criminal investigation it is recommended not to choose it but if you are interested in criminal investigation and are a loyal fan of detective novels you must choose it This may be the only time in your life where you will have access to so much professional crime material and enjoy solving crimes
5,0.29300088,0.58410215,0.122897014,wl is relatively big it’s difficult🐢
14,0.44860703,0.47772858,0.073664434,Its interesting I feel that Brother Beh is not reliable
13,0.54653674,0.4040555,0.0494077,Too many professional words
12,0.6237213,0.3359838,0.04029481,The workload is quite large and you have to submit a report every two weeks so you have to have a onenight meeting with people in the same group every two weeks It takes a lot of time The kind of essay with a midterm and the final group presentation and then grading Very average 
9,0.6781534,0.29245684,0.029389804,Dont just look at the reviews Unless you are obsessed with forensic criminal investigation to a certain extent dont come dont come dont come dont come dont come The workload is huge and professional If you don’t want to do cc’s endofcourse homework under the dues of professional courses during the final period run quickly
10,0.76049423,0.21293609,0.026569638,The class is a bit boring mainly watching videos by myself there is a midterm a personal report and the wl is huge I have to meet with group friends to complete the progress report almost every week although the final report of gp has been changed to a personal one because of the addition of online The option of written assignment but the case portfolio must still be completed in groups If the groupmates are unreliable the course will be gone and the turtle is not particularly good mainly depends on your contribution in gp so if you are not particularly interested choose carefully choose carefully and those who want to paddle dont choose
15,0.68337405,0.29025567,0.02637023,You can’t learn anything from lecture just rely on your interest if you are not ready to face the high wind then run away
0,0.939939,0.05268286,0.007378119,It’s very uncomfortable During the final period I have been doing final reports almost all the time and many tasks in other classes have even been delayed As a result the effort is not proportional to the reward Only B such a large workload but such a poor score I am really uncomfortable I am exhausted I was exhausted and exhausted other good turtle courses and finally received such a result I am really very very uncomfortable But having a GP team meeting for two or three hours every other week is really overwhelming
11,0.8804324,0.115462005,0.0041055265,I feel that the tutor did not explain many things clearly
