,roberta_neg,roberta_neu,roberta_pos,rev
2,0.001593105,0.010673781,0.9877331,Its really good The teacher who got the points is very good
3,0.0015445105,0.013341027,0.98511446,The teacher is very nice and super nice wl is very small
1,0.0044607916,0.051188122,0.944351,Online is very easy and smooth there is no time limit the exam is written for a period of time 🐢 good wl is small no tutorial
0,0.011981253,0.1397452,0.8482736,The online experience is not bad The group assignment has been changed to a personal selfintroduction and video shooting Mr Rosa praised it
