,roberta_neg,roberta_neu,roberta_pos,rev
5,0.009207038,0.1474878,0.8433052,The workload is small the content is not too difficult and the score is not bad
0,0.025454616,0.24293068,0.7316147,Wu Chuan is in class this semester He speaks very fast and the content of the class is overwhelming There are 5 assignments the final one is difficult
4,0.04433943,0.35780618,0.5978544,Its okay but very sleepy
3,0.052102342,0.3756209,0.5722768,Edith is an EEE teacher which is a standard big water classall the lecture ppt assignment and lab exercise are downloaded from the same school website or the original questions in the textbook as long as Put the topic on Google and search the first column will always show the original question  answer  detailed explanation I doubt even the lecture script was found from that school because once someone asks about a knowledge point on the ppt in detail Edith will say that she doesnt knowdont remember But Edith has a very good temper She will answer the questions she can answer with great care and she will take the initiative to speak to you in Mandarin midterm and final are very simple basically pure calculation questions there are no concept questions There are only a few calculation questions in the whole class and you can get full marks if you understand them all Midterm messed up due to its own reasons probably only a passing score the assignment is basically a full score the final should be almost a full score and the final A
6,0.16385639,0.5844946,0.25164905,In fact it is exchanged on the outside but the network is really important so you have to learn it hard
2,0.6822568,0.2527437,0.06499954,Tamstyle English will always make you sleepy Tams professional level is very poor His ppt is basically copied from the textbook However due to his poor comprehension and language organization ability his ppt is often logically confused and difficult to understand Reading the textbook directly is much more useful than taking his class His class attendance was less than a third of the scenes So I strongly recommend transferring the credits for this course back when exchanging
7,0.4408869,0.5076407,0.051472314,The course involves a lot of details and the homework and exams are all about the details Although the exam can be taken openbook it is still a bit difficult
1,0.92709464,0.06942898,0.0034763624,Besides Lao Cui the worst lecturer in the Department of Computer Science is Tam Students who cannot avoid this course through exchange are recommended to study by themselves
8,0.98320955,0.014277727,0.0025126594,Rubbish course attending this lecture is a waste of life TAM is definitely one of the worst teachers
