,roberta_neg,roberta_neu,roberta_pos,rev
3,0.022561476,0.31368846,0.66375005,Its a bit difficult but if you understand it the turtle is actually okay
4,0.057428427,0.27954668,0.6630249,good
5,0.031822577,0.3289659,0.63921154,The content of the class is okay and the wl is not too big but it is a little convoluted
1,0.14186843,0.6162052,0.24192637,Difficult to learn but easy to learn
2,0.14093226,0.61916864,0.23989907,It is recommended to preview it first otherwise it will use up a lot of time in other classes
0,0.3696829,0.5676322,0.06268494,In number theory the proof depends entirely on a set of templates It’s okay if you don’t understand it but it’s still difficult for you to attack and find special cases
6,0.4396547,0.50164163,0.058703635,Pure math no programming But it is very difficult especially to find loopholes in encryption methods and to prove that encryption methods are safe and reliable
