,roberta_neg,roberta_neu,roberta_pos,rev
3,0.0036188064,0.047333375,0.9490478,Give a good score and speak well The tutor design work is very serious and can have a comprehensive understanding of the robot recommend this course
1,0.013951272,0.08027467,0.90577406,The course has a lot of dry stuff In addition to the scope of the exam it also expands a lot of cuttingedge content such as deep RL and deep detection and there is also a guest lecture from a CMU senior the homework design is very interesting only if it is not all toy examples but real testing It would be even better if the data is available it is ok to give points generally speaking it is a course with a good experience
0,0.0051609497,0.14289562,0.85194343,It is a relatively comprehensive introduction to the field of robotics It is useful for statistical knowledge such as Monte Carlo MCMC etc and its versatility is quite high There are certain challenges in the homework but the score is fair the professor basically does not curve and the score is based on the facts
2,0.29049656,0.52536327,0.18414018,The homework is difficult comparable to 3250 and the exam is relatively simple Generally speaking it is a course that the teacher and TA prepare very carefully and you can learn a lot According to reports this course is actually a UG version of the graduate course Unmanned System but it does not reduce the difficulty
4,0.39628065,0.47090065,0.1328187,There are a lot of dry goods in the course 50 AA the teacher is very serious and the homework needs to write a slam algorithm by hand which is quite challenging fast paced class
