,roberta_neg,roberta_neu,roberta_pos,rev
0,0.028538914,0.4010373,0.5704238,The content of the lecture is the basic time series including the two cluster models of ARIMA and GARCH as well as the estimation prediction and test around these models Dr Tse will give you a bunch of excel sheets for estimation but it is recommended that you master a programming language and know how to estimate such as STATA or R python which will be used in group projects This semester due to the online class gp has become an individual project and more than 20 stock indices are given to pick out two models that have been learned for fit and prediction accounting for 20 The assignment is given by the tutor which is relatively harsh and points are often deducted for no reason The finals are all derived from theoretical calculation formulas and no work on data is required A sample final actually the final of the previous year will be provided before the test and about 30 of the question types are very close Since it is a class taught by FBE the content is more practical and a lot of real data practice is interspersed in the lectures The principles are very shallow If you want to delve into the principles and have a good foundation in mathematical statistics it is recommended to go to STAT4601 Except for ass gp gives good visual inspection and the final score is also good
1,0.19503504,0.41342294,0.39154205,For students of math base they may feel uncomfortable lack of proof and more memorization Homework is often very tedious and repetitive work If you can program numpy and the like you can relieve it and the test is also a lot of calculation Generally speaking there is a feeling that it is not deep but quite laborious In the end I don’t want to bother pf  But Professor Tse is still very good I don’t know if people with nonmath background will think the quality of this course is good
2,0.053411856,0.5828482,0.36373997,The content is not difficult The key to homework and midterm is to memorize the formulas taught in class The key to scoring in the exam is to be able to do a lot of addition subtraction multiplication and division by hand
4,0.065059125,0.6905027,0.24443817,Explain around the main models of ARMA and GARCH wl is medium and some assignments will require repeated calculations in excel The content is not difficult but it may take a little time to understand The final final will be similar to the content of some past papers with a lot of calculations
3,0.5380945,0.4292619,0.0326436,The teachers teaching is not bad but I still suggest that those who are not good at math should not take risks
