,roberta_neg,roberta_neu,roberta_pos,rev
11,0.0017325187,0.015894378,0.9823731,Teacher Stephen Ching is very nice
6,0.0033057455,0.022950351,0.9737439,The lecture is very good the teacher is very good the final is simple the assessment is final plus an essay the workload is very small the score is Fair
14,0.0020972379,0.025082806,0.97282,The class is quite easy it doesn’t take a lot of time the content is interesting and inspiring
12,0.0032623976,0.025547111,0.97119045,Very good writing essays are all graded by tutor Peter is very nice
9,0.0059595425,0.096026376,0.89801407,good course recommended
4,0.012729698,0.10743846,0.87983185,its fun
7,0.025550345,0.113996804,0.86045283,The course itself is very interesting and not difficult to learn but the report is difficult to write so I finally pf
13,0.018989459,0.42653376,0.5544768,Essay accounts for a large proportion It depends on the individuals divergence ability and essay writing ability It is relatively easy to grasp what he wants
3,0.037281547,0.48325583,0.47946256,The wl is not big but because the final of the online class was changed to an essay a total of three essays accounted for 70 and finally I chose to pass
2,0.0898801,0.4420441,0.46807584,I chose this course with the attitude of learning advanced game theory but in fact it is not difficult to teach and it is very applied of course compared with the game theory at the graduate level or some Ivy League schools Due to the epidemic the end of the semester was cancelled and two reflective essays were added that is to write about what you have learned I didnt work hard at ordinary times but I also got an A it seems that the highest was given to A no A But I have to say that Stephens lectures are soso
10,0.122066356,0.51359886,0.36433482,Influenced by st17 I entered the pit game theory The content of this course is not difficult there are not many mathematical components and the overall workload is not large but the essay is more difficult Simple ones do not have to be written and too difficult ones cannot be written It is recommended that students who are pursuing it directly Engage MATH3911 probably more chur though
15,0.2257748,0.51411355,0.2601117,wl is four assignments one 3000 paper and the final is changed to two problem sets and two 1500 reflective essays because of the online class The content is relatively simple introducing several types of game theory and the lecturer speaks clearly The usual wl is considered very small and the assignment and problem set questions are relatively simple It will be very tiring to write three essays in the final period
16,0.43907744,0.3405601,0.22036242,Boring professor but good grade
8,0.44304815,0.40597552,0.15097632,I was too tired to listen to the professors lectures I didnt listen to the lectures much I basically studied by myself I was sloppy during the semester I wrote the final essay carefully and got an A
0,0.5534526,0.3535966,0.09295082,The courses are very simple and the prof lectures are very generaljust read the ppt After the online class the assessment has changed and the three usual essays and the final essay account for 70 Whats outrageous is that I personally feel that the first essay I wrote was the worst and I got the highest score and the essays I worked hard after that got lower every time btw the results of the last three essays were issued within three days that is to say the tutor and prof in the sem procrastinated and did not correct them and when the scores were about to come out they began to make random jb corrections so I was very dissatisfied with the results of the last few essays In the end I got an A fair Those who write a good essay are recommended
1,0.63093966,0.32442844,0.04463193,Essay is a bit much 31000 words  13000 words The teacher is serious about teaching but you need to be really interested  indepth understanding otherwise writing an essay will expose the water and make it rotten
5,0.8116772,0.16429335,0.024029415,Writing reflective essays and term papers has been at a loss I communicated with the tutor once and I didn’t quite grasp the requirements it’s because I’m too goodbut the written things account for a large proportion of the grades so the final score is not very good
