,roberta_neg,roberta_neu,roberta_pos,rev
4,0.0024709012,0.040339734,0.95718944,It is a relatively useful course with good grades
3,0.0070974967,0.051551253,0.9413513,The content of the course is practical but a bit difficult The tutor is very nice and worth a visit
2,0.0045430344,0.0692977,0.92615926,good grade class
16,0.005566244,0.07752535,0.9169084,very rich and important
11,0.007055223,0.10545473,0.88749003,The content is interesting and relatively systematic You can have a piece of A4 paper as a cheat sheet Most of the test sites and basic concepts are in packet 1 so it will be easier to review the content before the midterm and then the final review If you stick to the midterm and final it is good to grade so there is also a high grade rotten grade risk gp does not need to spend too much time and only accounts for 10 and the average is enough to achieve AA
6,0.0103427,0.10478153,0.8848758,Very useful lesson you can study it by yourself
12,0.0046278182,0.111844696,0.88352746,Brushing the questions can be a good turtle The course content is very useful for the mainland brokerage written test  CFA test It is generally useful for doing Equity research itself
28,0.0061666905,0.11963035,0.8742029,Practical learning can be good 🐢 To use it proficiently during the exam you need to practice more at ordinary times
15,0.008212423,0.12365947,0.86812806,Very useful a lot of calculations but the principle can be understood by looking at the PPT it is not difficult recommended
29,0.046972193,0.187463,0.7655648,Good turtle Jimmys questions are devilish and the grades are very gentle The lectures are very logical and clear and Hermiones knowledge points are also summarized very well Although less than half of the midterm questions were correct I thought I would fail but in the end I scored 80 I gave a lot of points during the process
9,0.046972193,0.187463,0.7655648,Good turtle Jimmys questions are devilish and the grades are very gentle The lectures are very logical and clear and Hermiones knowledge points are also summarized very well Although less than half of the midterm questions were correct I thought I would fail but in the end I scored 80 I gave a lot of points during the process
10,0.051351227,0.23580696,0.71284175,not bad
26,0.019942677,0.30228403,0.67777336,The tortoise is okay just study hard do the questions well and youre done
18,0.05406415,0.27553824,0.67039764,Great lesson I can learn a lot of things but prof is more paddling I have to learn a lot by myself
20,0.009453852,0.33154523,0.659001,Very practical
23,0.0767195,0.32540336,0.5978771,A class where you can learn things although Jimmys lectures are quite hypnotic I personally feel that the content is a bit trivial so the homework must be well written Midterm and final accounted for 75 of the total final is quite difficult and there is a gp accounting for 10 give turtle fair
8,0.041287307,0.46957117,0.48914158,Very dry effort efforts pay off
17,0.12342658,0.40435743,0.47221592,Work a lot for one class I strongly recommend that I chose it while taking advantage of pf I don’t know if the turtle is good
27,0.08434251,0.4514087,0.4642487,The first half of the lecture may be a bit trivial After all a DCF has to be separated and taught for half a semester hhh but this part is mainly tested during the exam and the effort and gain are still proportional so it is recommended to sort out the logic by yourself the framework for the tutor to sort out also Very good midterm is more difficult but the completion rate may still be high but the correct rate is low final questions are huge and the completion rate is also low but this situation is quite common so don’t worry too much finally It’s a rotten turtle but I still feel that I have learned a lot It’s best to weigh it when choosing if you want to learn but don’t want to be a rotten turtle you can consider selfstudying the subject of this course——NYU Damodaron’s class
19,0.17485696,0.41265583,0.41248715,There are a lot of dry goods Jimmys lectures are good but the exam is difficult and I cant hold back Pf in the end
7,0.03769933,0.7393408,0.22295992,Seriously understand the logic take notes and review in time to complete assignments and exams Teammates should look for them carefully
13,0.28668246,0.563861,0.14945649,Useful The final fault tolerance rate should be relatively high and it is too late to finish
24,0.5426211,0.4012696,0.056109257,The amount of exam questions is relatively large the courses are relatively dry but the teachers teaching is very ordinary
0,0.56927115,0.37789625,0.05283258,A course full of dry goods a typical hermione rescue course series the whole course is based on NYUs set as the core the teachers lectures are very confusing but the difficulty of the test questions is not small
14,0.28541622,0.6646777,0.049906053,There are a lot of dry goods which are basically compulsory courses
25,0.66012216,0.2934434,0.046434455,A course full of dry goods but the exam is very devilish but I managed to get a range
22,0.64130193,0.31318265,0.04551542,There are many questions in the exam and it is basically impossible to finish but the tutor explained it very clearly
1,0.6639436,0.29138133,0.044675093,Not recommended Its easy to study but super hard to test
21,0.6491992,0.31195572,0.03884513,very dry
5,0.5902385,0.37638292,0.033378553,The courses are simple but the exams are devilish
