,roberta_neg,roberta_neu,roberta_pos,rev
4,0.0015208028,0.009656822,0.98882234,The professor is very nice and it is very interesting to study with him The group is very important it is recommended to find a good team leader
1,0.002345149,0.019756984,0.9778978,A very good course it is interesting to give a good score wl is not too heavy it is highly recommended
6,0.00451094,0.035604727,0.95988435,The class is very good I have taught a lot of knowledge about HF The teacher is very nice and very patient You are welcome to ask questions The project needs teammates who are not slippery They need to have a programming foundation and have a little understanding of strategy At least they are willing to devote My group assignment is not very even and I feel that my wl is relatively large When scoring I feel that class participation points and project are quite important
3,0.005026718,0.10484516,0.8901281,Relaxed and happy the class is basically listening to the story the final one needs to do the tutorial seriously
2,0.011909179,0.14967379,0.83841705,very funny
0,0.13525508,0.7743025,0.09044242,Work a lot choose your teammates
5,0.91157067,0.08015138,0.008277977,Its too quant Im like a fool
