,roberta_neg,roberta_neu,roberta_pos,rev
0,0.009374116,0.18196063,0.8086652,The new course is usually very easy the exam is all about notes no tuto The homework is very simple and there are tutorials just follow it step by step
3,0.028585967,0.2658596,0.7055545,Kame good
4,0.15963346,0.44244418,0.3979224,Why do everyone say that the turtle is good Both of my labs have done well according to the guide and only got B I don’t know what the judging criteria are
2,0.049113214,0.79589593,0.15499082,wl is small give points A range
1,0.9446534,0.04896981,0.0063768695,It’s a class with poor content and coursework Personally I don’t think I can learn much in 1005 The mapping I can learn is much more than this The reason why the turtle is not very good is that I fell ill during the lab and the lab only has B plus Compare dishes by yourself
