,roberta_neg,roberta_neu,roberta_pos,rev
12,0.001457312,0.014166675,0.98437595,Mr Kodama is very interesting this class is well scored 👌
11,0.002064623,0.014130964,0.9838044,Minor language class yyds teachers are cute and loving and the teaching is also very meticulous the progress is a bit slow but it feels very easy and the homework is not difficult it can be very good 🐢
14,0.00240723,0.014232453,0.9833603,prof is very nice wl Xiaogui is good except for the slow progress everything is very touching
15,0.002482668,0.037173744,0.9603436,The professor is nice and feel free to learn even you are new in japanese
4,0.0020725091,0.037989408,0.95993805,The content is very simple starting from the fiftytone learning But because the language has requirements for listening speaking and writing there are 6 hours of classes a week two grammar classes of 4 hours and a skill class of listening speaking and writing for 2 hours There are small quizs on vocabulary or grammar before class every week so you have to memorize words every week so WL is actually not small in general but it is OK if you are interested The teachers are all cute and funny and the blind selection is also right hahaha
7,0.006513404,0.05421098,0.9392757,I want to learn Japanese as a major so I chose this course with zero foundation There are 3 classes per week 2 hours each time there are more class hours in small languages so dont choose if you mind But the class content is very rich and interesting and there will be a lot of interaction and communication with classmates and teachers Professor Hashimoto is a very patient and friendly Japanese male teacher who teaches very well As long as you listen carefully in class memorize vocabulary well and remember grammar your grade will definitely not be bad Although my listening test is relatively poor but the final overall is A range Thanks Mr Hashimoto and Tutor
0,0.0058875084,0.15653436,0.8375781,It is a twodimensional element that can be learned well no matter what
10,0.022525249,0.16474621,0.8127286,Mr Hashimoto Believe me real Peerless and invincible good teacher so nice I don’t know if there is any difference between the teachers when I give points Anyway a small language is a subject that memorizes words and grammar well It’s not a big problem to memorize well
13,0.027684031,0.18344317,0.7888728,This Japanese teacher named Hashimoto is not bad and he teaches well There is nothing to say about the content you won’t go off track with a little effort and the exam is easy
1,0.02683607,0.18619314,0.7869708,Its a very simple class starting from the most basic fifty tone the professors are very gentle Mr Sasaki is very cute and very patient although sometimes he will ask the IT teacher next door to help with computer problems  LOL but wl is a bit big I have to do some homework similar to Chinese transcription in junior high school every week In addition there are midterm and final as well as two compositions and two oral quiz similar to presentation There is also grammar quiz every week And vocabulary quiz There are 6 hours of class time per week two grammar classes one skill class and there are often awkward discussions and dialogues in the skill class It is recommended to find a twodimensional classmate to form a team together  bushi The last point Very important After finishing the quiz you must correct and consolidate it in time otherwise you will not encounter the same problem later I just missed the opportunity of A because I didn’t review the homework carefully and finally got an A  In short the usual quiz and the midterm and endofterm review and exams will definitely do well 🐢
8,0.024008615,0.19076203,0.7852294,Its a bit time consuming but I recommend it if you like it
3,0.014850668,0.20369647,0.78145283,just pay more effort then you will get good grade i promise
5,0.017411266,0.34628144,0.6363073,As long as you carefully follow the teachers rhythm and complete it you will be a good turtle But wl has quiz almost every week
6,0.05239058,0.37873265,0.5688768,For language classes you need to persist in spending time on it six hours of lecture plus tutorial a week and there will be small tests every two weeks or so so you cant relax you have to keep learning If you put your mind to it the turtle is not bad
2,0.035916667,0.68473566,0.27934772,easy to get A range
9,0.025662107,0.7326357,0.24170215,Mr Tsubasa taught very rigorously
