,roberta_neg,roberta_neu,roberta_pos,rev
3,0.0017666523,0.011412845,0.9868205,Dr Jia is a mainland prof very nice and one of my favorite professors at fbe The examples he gave in the class are very interesting The two quizs will be easier as long as you review the course materials carefully The wl is not too big and the final score is not bad
5,0.0019344563,0.011992798,0.9860728,Great lesson Dr Jia is the most caring teacher I met in the business school Although Sem2 is online I can feel the highquality interaction in every Lec class His instructions and help for the group project are also very detailed Its a course that I put a lot of effort into The final test paper is also very interesting All in all recommend recommend recommend
1,0.0026950508,0.011789585,0.98551536,The water class is good I cant learn anything but the teacher is super nice
0,0.012248284,0.14412627,0.8436254,I am a teacher from the mainland He listens patiently to everyones speeches and responds to emails quickly It is good to use what he has learned to do gp steadily The score is fair
4,0.018491466,0.14304528,0.8384633,The teacher is very nice and he arranges the courses very carefully You can learn a lot from theory  case Because it has been changed to online the assessment is mainly a midterm paper gp report final and participation The paper is limited to a theory and written according to the teachers questions and the reading given and the score is very good GP will be a little troublesome looking for real examples to analyze and give advice The final is what is taught in class If you listen carefully there are even original sentencesoriginal questions Some big questions later are more openended application questions but they are not difficult Participation only needs to speak more in class
2,0.11120082,0.2877679,0.6010313,The prof is from the mainland and the score is super good wl is quite a small course but I feel that I cant learn much
