,roberta_neg,roberta_neu,roberta_pos,rev
0,0.0020125178,0.006740692,0.99124676,Ahhh I love Sky Good class Whether it is class tutorial homework or exam I am very happy Can learn a lot of things Great introduction to gender study
2,0.0023461177,0.016058313,0.9815956,Favorite class this semester Sky Lau is really really interesting and really really good But his concept of sex is very radical dont choose if you dont mind Sky Lau is also very good at guiding students to listen to students Every tutorial is very interesting Generally speaking I think the wl is not too big and the final is not too difficult It is not a change from the past paper
1,0.03443974,0.1778003,0.7877599,In my enlightenment class on gender awareness Sky taught it really well easy to understand and wonderful For nonsoci majors the weekly reading is a bit difficult and you have to ask questions based on the reading before the tuto Tuto will involve a lot of discussion about porn videos gender awareness bdsm disabled sex and more The workload is a bit big and the points are not clear I am from pf If you dont care about workload and points for this class it is really worth taking and you will gain a lot
4,0.057428427,0.27954668,0.6630249,good
3,0.021335213,0.7742124,0.20445237,Include the feminist movement and lgbtq to have a more comprehensive understanding
