,roberta_neg,roberta_neu,roberta_pos,rev
1,0.0019634143,0.012163721,0.98587286,Very good course the teacher and TA are awesome and TA is a nice person
2,0.004518157,0.032826036,0.96265584,The reading plus additional is a bit much but very interesting and the lecture is also very interesting wl is not big give mercy to grade
3,0.005262784,0.045295235,0.949442,The same as the comments above it is only because of the epidemic that I can only take classes online Lecture video tutorial with ZOOM I think the course is not too difficult and very interesting It has some introductions to Hong Kongs culture and media tutorial I havent encountered the tutor commented earlier it should be replaced Now as far as I know there are two tutors one from the mainland and one from the local doctor I choose the one in the Mainland The people are very nice and answer all questions It may be that you are more serious about academics so the requirements are a little stricter Overall the score I got was a bit higher than I expected and I recommend it
4,0.0042936984,0.059898086,0.9358082,It’s more about culture and less about media it’s quite interesting
0,0.0440953,0.3103114,0.6455933,Simple version The class is interesting good for the turtle and the workload is not big Longwinded version the content is mainly culture and modernity and has little to do with media media is really just a carrier There are two main lines of learning content one is to learn different topics such as childhood work relationship and the other is related The modern theory basically involves the main theories of each topic personally think that this course can be used to explore your own interests The teacher’s class is very interesting mainly the topic is also very interesting and the lectures are very clear The examples in the class are very downtoearth she mentioned the corpse many times when the Victoria Harbor was still floating there The tutorial is to discuss the problem  if the atmosphere in the group is good it is quite interesting to chat but this depends on luck tutor   The qualifications are relatively high but the class is average the English is average and the face is always black making you feel that she is dissatisfied with you but she is not The assignment includes exams essays and tutorial presentations One of the more creative ones is to create an art object to display a topic Ps This class has changed teachers the other is not so good look for Dr Carmen Tong
