,roberta_neg,roberta_neu,roberta_pos,rev
1,0.011111608,0.33970973,0.6491786,It is recommended to learn before the internship this is the only course that can be used at work
3,0.02942776,0.34894648,0.6216257,Be sure to organize formulas and symbols well Everyone cant it depends on who knows a little bit more Seriously good turtle
0,0.09847159,0.74352306,0.15800536,The main thing is to understand the various calculations of contingency and it takes more time to brush up the questions
2,0.48403582,0.47187063,0.04409355,Do more manual topics Otherwise just relying on tutorial and lecture is not enough
4,0.5060382,0.46953696,0.02442489,Rotten to aphasia
