,roberta_neg,roberta_neu,roberta_pos,rev
1,0.050856188,0.31199536,0.6371484,The content is not too much and it is generally simpler than other AC courses In the class the teacher will teach some exercises after each chapter Its kind of confusing to give points but mine is not bad
2,0.052005205,0.32879972,0.61919504,AC is compulsory no one will read the reviews haha but only if you have enough reviews for ric  Its a good class
0,0.038448416,0.7037952,0.25775632,watery and curly
3,0.5122875,0.43358183,0.05413064,KC Let me set off a revolution in 2008 The test is a bit difficult it is all lognormal it is recommended to turn the lognormal over and over again before the final test to make it bad
